{"cameraMode":{"drawMode":0,"name":"Shaded","section":"Shading Mode"},"sceneLighting":true,"audioPlay":false,"sceneViewState":{"showFog":true,"showMaterialUpdate":false,"showSkybox":true,"showFlares":true,"showImageEffects":true,"showParticleSystems":true},"in2DMode":false,"pivot":{"x":36.93617248535156,"y":1.412078857421875,"z":0.4636974334716797},"rotation":{"x":0.015694990754127504,"y":0.9681475758552551,"z":-0.24186311662197114,"w":0.06282477080821991},"size":16.235443115234376,"orthographic":false}